{
  "sessions": {
    "medium_wrap": {
      "benchmark_part_id": 3,
      "benchmark_pos": [0.6, 0.0, 0.05],
      "benchmark_rpy": [0.0, 0.0, 0.0],
      "pre_grasp_joint_positions": [
        -3.526193839290861,
        -1.5340938701773221,
        2.0985749444290285,
        -0.4472659626584632,
        1.1955911555227652,
        3.0898584023854077
      ],
      "allowed_joints": [0, 1, 2, 3, 4, 5, 6, 7, 8, 9]
    },
    "tripod": {
      "benchmark_part_id": 7,
      "benchmark_pos": [0.6, 0.0, 0.05],
      "benchmark_rpy": [0.0, 0.0, 0.0],
      "pre_grasp_joint_positions": [-3.546141875524829, -1.4071412048806693, 2.1640333684063817, -0.6389814620257025, 1.1757939959638337, 3.087441791899833],
      "allowed_joints": [0, 1, 6, 7, 8, 9]
    }
  }
}
