{
  "best_reward": 1.2,
  "best_q": [
    0.489586968957942,
    0.2636100567286173,
    0.0,
    0.0,
    0.0,
    0.0,
    0.7565506142776028,
    0.455686581422222,
    0.7242694681241288,
    0.6245935080345273
  ],
  "session": "tripod"
}