{
  "pose_name": "medium_wrap",
  "best_q": [
    0.18239228901770038,
    0.7280423556818525,
    0.5442869975634947,
    0.438785301926787,
    0.6712043086370162,
    0.95373112527065,
    0.4772079673388473,
    0.40952103174348553,
    0.6331431332150086,
    0.19141407622312934
  ],
  "real_targets": [
    4838,
    6748,
    6105,
    5736,
    6549,
    7538,
    5870,
    5633,
    6416,
    4870
  ],
  "calibration": {
    "servo_targets_min": [
      4200,
      4200,
      4200,
      4200,
      4200,
      4200,
      4200,
      4200,
      4200,
      4200
    ],
    "servo_targets_max": [
      7700,
      7700,
      7700,
      7700,
      7700,
      7700,
      7700,
      7700,
      7700,
      7700
    ]
  },
  "best_reward": 1.1241663504433461,
  "session": "medium_wrap"
}